  create table EMPRESAS(
    nombre varchar(50),
    id numeric(10) primary key
  );
  create table EMPLEADOS(
    nombre varchar(50),
    id numeric(10) primary key
  );
  create table NOMINAS(
    idempleado numeric(10) references empleados(id),
    fecha DATE,
    cantidad numeric(10,2),
    primary key(idempleado,fecha)
  );
  begin 
    DBMS_RANDOM.SEED(6977);
  end;
  /
      insert into EMPRESAS(id,nombre) values(1,'BERMUDEZ'||DBMS_RANDOM.STRING('p','10'));
      insert into EMPLEADOS(id,nombre) values(1,'BERMUDEZ'||DBMS_RANDOM.STRING('p','10'));
      insert into NOMINAS(idempleado,fecha,cantidad) values(1,SYSDATE,DBMS_RANDOM.VALUE(200,2000));
      insert into EMPRESAS(id,nombre) values(2,'BERMUDEZ'||DBMS_RANDOM.STRING('p','10'));
      insert into EMPLEADOS(id,nombre) values(2,'BERMUDEZ'||DBMS_RANDOM.STRING('p','10'));
      insert into NOMINAS(idempleado,fecha,cantidad) values(2,SYSDATE,DBMS_RANDOM.VALUE(200,2000));
      insert into EMPRESAS(id,nombre) values(3,'BERMUDEZ'||DBMS_RANDOM.STRING('p','10'));
      insert into EMPLEADOS(id,nombre) values(3,'BERMUDEZ'||DBMS_RANDOM.STRING('p','10'));
      insert into NOMINAS(idempleado,fecha,cantidad) values(3,SYSDATE,DBMS_RANDOM.VALUE(200,2000));
      insert into EMPRESAS(id,nombre) values(4,'BERMUDEZ'||DBMS_RANDOM.STRING('p','10'));
      insert into EMPLEADOS(id,nombre) values(4,'BERMUDEZ'||DBMS_RANDOM.STRING('p','10'));
      insert into NOMINAS(idempleado,fecha,cantidad) values(4,SYSDATE,DBMS_RANDOM.VALUE(200,2000));
      insert into EMPRESAS(id,nombre) values(5,'BERMUDEZ'||DBMS_RANDOM.STRING('p','10'));
      insert into EMPLEADOS(id,nombre) values(5,'BERMUDEZ'||DBMS_RANDOM.STRING('p','10'));
      insert into NOMINAS(idempleado,fecha,cantidad) values(5,SYSDATE,DBMS_RANDOM.VALUE(200,2000));
      insert into EMPRESAS(id,nombre) values(6,'BERMUDEZ'||DBMS_RANDOM.STRING('p','10'));
      insert into EMPLEADOS(id,nombre) values(6,'BERMUDEZ'||DBMS_RANDOM.STRING('p','10'));
      insert into NOMINAS(idempleado,fecha,cantidad) values(6,SYSDATE,DBMS_RANDOM.VALUE(200,2000));
      insert into EMPRESAS(id,nombre) values(7,'BERMUDEZ'||DBMS_RANDOM.STRING('p','10'));
      insert into EMPLEADOS(id,nombre) values(7,'BERMUDEZ'||DBMS_RANDOM.STRING('p','10'));
      insert into NOMINAS(idempleado,fecha,cantidad) values(7,SYSDATE,DBMS_RANDOM.VALUE(200,2000));
      insert into EMPRESAS(id,nombre) values(8,'BERMUDEZ'||DBMS_RANDOM.STRING('p','10'));
      insert into EMPLEADOS(id,nombre) values(8,'BERMUDEZ'||DBMS_RANDOM.STRING('p','10'));
      insert into NOMINAS(idempleado,fecha,cantidad) values(8,SYSDATE,DBMS_RANDOM.VALUE(200,2000));
      insert into EMPRESAS(id,nombre) values(9,'BERMUDEZ'||DBMS_RANDOM.STRING('p','10'));
      insert into EMPLEADOS(id,nombre) values(9,'BERMUDEZ'||DBMS_RANDOM.STRING('p','10'));
      insert into NOMINAS(idempleado,fecha,cantidad) values(9,SYSDATE,DBMS_RANDOM.VALUE(200,2000));
      insert into EMPRESAS(id,nombre) values(10,'BERMUDEZ'||DBMS_RANDOM.STRING('p','10'));
      insert into EMPLEADOS(id,nombre) values(10,'BERMUDEZ'||DBMS_RANDOM.STRING('p','10'));
      insert into NOMINAS(idempleado,fecha,cantidad) values(10,SYSDATE,DBMS_RANDOM.VALUE(200,2000));
      insert into EMPRESAS(id,nombre) values(11,'BERMUDEZ'||DBMS_RANDOM.STRING('p','10'));
      insert into EMPLEADOS(id,nombre) values(11,'BERMUDEZ'||DBMS_RANDOM.STRING('p','10'));
      insert into NOMINAS(idempleado,fecha,cantidad) values(11,SYSDATE,DBMS_RANDOM.VALUE(200,2000));
      insert into EMPRESAS(id,nombre) values(12,'BERMUDEZ'||DBMS_RANDOM.STRING('p','10'));
      insert into EMPLEADOS(id,nombre) values(12,'BERMUDEZ'||DBMS_RANDOM.STRING('p','10'));
      insert into NOMINAS(idempleado,fecha,cantidad) values(12,SYSDATE,DBMS_RANDOM.VALUE(200,2000));
      insert into EMPRESAS(id,nombre) values(13,'BERMUDEZ'||DBMS_RANDOM.STRING('p','10'));
      insert into EMPLEADOS(id,nombre) values(13,'BERMUDEZ'||DBMS_RANDOM.STRING('p','10'));
      insert into NOMINAS(idempleado,fecha,cantidad) values(13,SYSDATE,DBMS_RANDOM.VALUE(200,2000));
      insert into EMPRESAS(id,nombre) values(14,'BERMUDEZ'||DBMS_RANDOM.STRING('p','10'));
      insert into EMPLEADOS(id,nombre) values(14,'BERMUDEZ'||DBMS_RANDOM.STRING('p','10'));
      insert into NOMINAS(idempleado,fecha,cantidad) values(14,SYSDATE,DBMS_RANDOM.VALUE(200,2000));
      insert into EMPRESAS(id,nombre) values(15,'BERMUDEZ'||DBMS_RANDOM.STRING('p','10'));
      insert into EMPLEADOS(id,nombre) values(15,'BERMUDEZ'||DBMS_RANDOM.STRING('p','10'));
      insert into NOMINAS(idempleado,fecha,cantidad) values(15,SYSDATE,DBMS_RANDOM.VALUE(200,2000));
      insert into EMPRESAS(id,nombre) values(16,'BERMUDEZ'||DBMS_RANDOM.STRING('p','10'));
      insert into EMPLEADOS(id,nombre) values(16,'BERMUDEZ'||DBMS_RANDOM.STRING('p','10'));
      insert into NOMINAS(idempleado,fecha,cantidad) values(16,SYSDATE,DBMS_RANDOM.VALUE(200,2000));
      insert into EMPRESAS(id,nombre) values(17,'BERMUDEZ'||DBMS_RANDOM.STRING('p','10'));
      insert into EMPLEADOS(id,nombre) values(17,'BERMUDEZ'||DBMS_RANDOM.STRING('p','10'));
      insert into NOMINAS(idempleado,fecha,cantidad) values(17,SYSDATE,DBMS_RANDOM.VALUE(200,2000));
      insert into EMPRESAS(id,nombre) values(18,'BERMUDEZ'||DBMS_RANDOM.STRING('p','10'));
      insert into EMPLEADOS(id,nombre) values(18,'BERMUDEZ'||DBMS_RANDOM.STRING('p','10'));
      insert into NOMINAS(idempleado,fecha,cantidad) values(18,SYSDATE,DBMS_RANDOM.VALUE(200,2000));
      insert into EMPRESAS(id,nombre) values(19,'BERMUDEZ'||DBMS_RANDOM.STRING('p','10'));
      insert into EMPLEADOS(id,nombre) values(19,'BERMUDEZ'||DBMS_RANDOM.STRING('p','10'));
      insert into NOMINAS(idempleado,fecha,cantidad) values(19,SYSDATE,DBMS_RANDOM.VALUE(200,2000));
      insert into EMPRESAS(id,nombre) values(20,'BERMUDEZ'||DBMS_RANDOM.STRING('p','10'));
      insert into EMPLEADOS(id,nombre) values(20,'BERMUDEZ'||DBMS_RANDOM.STRING('p','10'));
      insert into NOMINAS(idempleado,fecha,cantidad) values(20,SYSDATE,DBMS_RANDOM.VALUE(200,2000));
      insert into EMPRESAS(id,nombre) values(21,'BERMUDEZ'||DBMS_RANDOM.STRING('p','10'));
      insert into EMPLEADOS(id,nombre) values(21,'BERMUDEZ'||DBMS_RANDOM.STRING('p','10'));
      insert into NOMINAS(idempleado,fecha,cantidad) values(21,SYSDATE,DBMS_RANDOM.VALUE(200,2000));
      insert into EMPRESAS(id,nombre) values(22,'BERMUDEZ'||DBMS_RANDOM.STRING('p','10'));
      insert into EMPLEADOS(id,nombre) values(22,'BERMUDEZ'||DBMS_RANDOM.STRING('p','10'));
      insert into NOMINAS(idempleado,fecha,cantidad) values(22,SYSDATE,DBMS_RANDOM.VALUE(200,2000));
      insert into EMPRESAS(id,nombre) values(23,'BERMUDEZ'||DBMS_RANDOM.STRING('p','10'));
      insert into EMPLEADOS(id,nombre) values(23,'BERMUDEZ'||DBMS_RANDOM.STRING('p','10'));
      insert into NOMINAS(idempleado,fecha,cantidad) values(23,SYSDATE,DBMS_RANDOM.VALUE(200,2000));
      insert into EMPRESAS(id,nombre) values(24,'BERMUDEZ'||DBMS_RANDOM.STRING('p','10'));
      insert into EMPLEADOS(id,nombre) values(24,'BERMUDEZ'||DBMS_RANDOM.STRING('p','10'));
      insert into NOMINAS(idempleado,fecha,cantidad) values(24,SYSDATE,DBMS_RANDOM.VALUE(200,2000));
      insert into EMPRESAS(id,nombre) values(25,'BERMUDEZ'||DBMS_RANDOM.STRING('p','10'));
      insert into EMPLEADOS(id,nombre) values(25,'BERMUDEZ'||DBMS_RANDOM.STRING('p','10'));
      insert into NOMINAS(idempleado,fecha,cantidad) values(25,SYSDATE,DBMS_RANDOM.VALUE(200,2000));
      insert into EMPRESAS(id,nombre) values(26,'BERMUDEZ'||DBMS_RANDOM.STRING('p','10'));
      insert into EMPLEADOS(id,nombre) values(26,'BERMUDEZ'||DBMS_RANDOM.STRING('p','10'));
      insert into NOMINAS(idempleado,fecha,cantidad) values(26,SYSDATE,DBMS_RANDOM.VALUE(200,2000));
      insert into EMPRESAS(id,nombre) values(27,'BERMUDEZ'||DBMS_RANDOM.STRING('p','10'));
      insert into EMPLEADOS(id,nombre) values(27,'BERMUDEZ'||DBMS_RANDOM.STRING('p','10'));
      insert into NOMINAS(idempleado,fecha,cantidad) values(27,SYSDATE,DBMS_RANDOM.VALUE(200,2000));
      insert into EMPRESAS(id,nombre) values(28,'BERMUDEZ'||DBMS_RANDOM.STRING('p','10'));
      insert into EMPLEADOS(id,nombre) values(28,'BERMUDEZ'||DBMS_RANDOM.STRING('p','10'));
      insert into NOMINAS(idempleado,fecha,cantidad) values(28,SYSDATE,DBMS_RANDOM.VALUE(200,2000));
      insert into EMPRESAS(id,nombre) values(29,'BERMUDEZ'||DBMS_RANDOM.STRING('p','10'));
      insert into EMPLEADOS(id,nombre) values(29,'BERMUDEZ'||DBMS_RANDOM.STRING('p','10'));
      insert into NOMINAS(idempleado,fecha,cantidad) values(29,SYSDATE,DBMS_RANDOM.VALUE(200,2000));
      insert into EMPRESAS(id,nombre) values(30,'BERMUDEZ'||DBMS_RANDOM.STRING('p','10'));
      insert into EMPLEADOS(id,nombre) values(30,'BERMUDEZ'||DBMS_RANDOM.STRING('p','10'));
      insert into NOMINAS(idempleado,fecha,cantidad) values(30,SYSDATE,DBMS_RANDOM.VALUE(200,2000));
      insert into EMPRESAS(id,nombre) values(31,'BERMUDEZ'||DBMS_RANDOM.STRING('p','10'));
      insert into EMPLEADOS(id,nombre) values(31,'BERMUDEZ'||DBMS_RANDOM.STRING('p','10'));
      insert into NOMINAS(idempleado,fecha,cantidad) values(31,SYSDATE,DBMS_RANDOM.VALUE(200,2000));
      insert into EMPRESAS(id,nombre) values(32,'BERMUDEZ'||DBMS_RANDOM.STRING('p','10'));
      insert into EMPLEADOS(id,nombre) values(32,'BERMUDEZ'||DBMS_RANDOM.STRING('p','10'));
      insert into NOMINAS(idempleado,fecha,cantidad) values(32,SYSDATE,DBMS_RANDOM.VALUE(200,2000));
      insert into EMPRESAS(id,nombre) values(33,'BERMUDEZ'||DBMS_RANDOM.STRING('p','10'));
      insert into EMPLEADOS(id,nombre) values(33,'BERMUDEZ'||DBMS_RANDOM.STRING('p','10'));
      insert into NOMINAS(idempleado,fecha,cantidad) values(33,SYSDATE,DBMS_RANDOM.VALUE(200,2000));
      insert into EMPRESAS(id,nombre) values(34,'BERMUDEZ'||DBMS_RANDOM.STRING('p','10'));
      insert into EMPLEADOS(id,nombre) values(34,'BERMUDEZ'||DBMS_RANDOM.STRING('p','10'));
      insert into NOMINAS(idempleado,fecha,cantidad) values(34,SYSDATE,DBMS_RANDOM.VALUE(200,2000));
      insert into EMPRESAS(id,nombre) values(35,'BERMUDEZ'||DBMS_RANDOM.STRING('p','10'));
      insert into EMPLEADOS(id,nombre) values(35,'BERMUDEZ'||DBMS_RANDOM.STRING('p','10'));
      insert into NOMINAS(idempleado,fecha,cantidad) values(35,SYSDATE,DBMS_RANDOM.VALUE(200,2000));
      insert into EMPRESAS(id,nombre) values(36,'BERMUDEZ'||DBMS_RANDOM.STRING('p','10'));
      insert into EMPLEADOS(id,nombre) values(36,'BERMUDEZ'||DBMS_RANDOM.STRING('p','10'));
      insert into NOMINAS(idempleado,fecha,cantidad) values(36,SYSDATE,DBMS_RANDOM.VALUE(200,2000));
      insert into EMPRESAS(id,nombre) values(37,'BERMUDEZ'||DBMS_RANDOM.STRING('p','10'));
      insert into EMPLEADOS(id,nombre) values(37,'BERMUDEZ'||DBMS_RANDOM.STRING('p','10'));
      insert into NOMINAS(idempleado,fecha,cantidad) values(37,SYSDATE,DBMS_RANDOM.VALUE(200,2000));
      insert into EMPRESAS(id,nombre) values(38,'BERMUDEZ'||DBMS_RANDOM.STRING('p','10'));
      insert into EMPLEADOS(id,nombre) values(38,'BERMUDEZ'||DBMS_RANDOM.STRING('p','10'));
      insert into NOMINAS(idempleado,fecha,cantidad) values(38,SYSDATE,DBMS_RANDOM.VALUE(200,2000));
      insert into EMPRESAS(id,nombre) values(39,'BERMUDEZ'||DBMS_RANDOM.STRING('p','10'));
      insert into EMPLEADOS(id,nombre) values(39,'BERMUDEZ'||DBMS_RANDOM.STRING('p','10'));
      insert into NOMINAS(idempleado,fecha,cantidad) values(39,SYSDATE,DBMS_RANDOM.VALUE(200,2000));
      insert into EMPRESAS(id,nombre) values(40,'BERMUDEZ'||DBMS_RANDOM.STRING('p','10'));
      insert into EMPLEADOS(id,nombre) values(40,'BERMUDEZ'||DBMS_RANDOM.STRING('p','10'));
      insert into NOMINAS(idempleado,fecha,cantidad) values(40,SYSDATE,DBMS_RANDOM.VALUE(200,2000));
      insert into EMPRESAS(id,nombre) values(41,'BERMUDEZ'||DBMS_RANDOM.STRING('p','10'));
      insert into EMPLEADOS(id,nombre) values(41,'BERMUDEZ'||DBMS_RANDOM.STRING('p','10'));
      insert into NOMINAS(idempleado,fecha,cantidad) values(41,SYSDATE,DBMS_RANDOM.VALUE(200,2000));
      insert into EMPRESAS(id,nombre) values(42,'BERMUDEZ'||DBMS_RANDOM.STRING('p','10'));
      insert into EMPLEADOS(id,nombre) values(42,'BERMUDEZ'||DBMS_RANDOM.STRING('p','10'));
      insert into NOMINAS(idempleado,fecha,cantidad) values(42,SYSDATE,DBMS_RANDOM.VALUE(200,2000));
      insert into EMPRESAS(id,nombre) values(43,'BERMUDEZ'||DBMS_RANDOM.STRING('p','10'));
      insert into EMPLEADOS(id,nombre) values(43,'BERMUDEZ'||DBMS_RANDOM.STRING('p','10'));
      insert into NOMINAS(idempleado,fecha,cantidad) values(43,SYSDATE,DBMS_RANDOM.VALUE(200,2000));
      insert into EMPRESAS(id,nombre) values(44,'BERMUDEZ'||DBMS_RANDOM.STRING('p','10'));
      insert into EMPLEADOS(id,nombre) values(44,'BERMUDEZ'||DBMS_RANDOM.STRING('p','10'));
      insert into NOMINAS(idempleado,fecha,cantidad) values(44,SYSDATE,DBMS_RANDOM.VALUE(200,2000));
      insert into EMPRESAS(id,nombre) values(45,'BERMUDEZ'||DBMS_RANDOM.STRING('p','10'));
      insert into EMPLEADOS(id,nombre) values(45,'BERMUDEZ'||DBMS_RANDOM.STRING('p','10'));
      insert into NOMINAS(idempleado,fecha,cantidad) values(45,SYSDATE,DBMS_RANDOM.VALUE(200,2000));
      insert into EMPRESAS(id,nombre) values(46,'BERMUDEZ'||DBMS_RANDOM.STRING('p','10'));
      insert into EMPLEADOS(id,nombre) values(46,'BERMUDEZ'||DBMS_RANDOM.STRING('p','10'));
      insert into NOMINAS(idempleado,fecha,cantidad) values(46,SYSDATE,DBMS_RANDOM.VALUE(200,2000));
      insert into EMPRESAS(id,nombre) values(47,'BERMUDEZ'||DBMS_RANDOM.STRING('p','10'));
      insert into EMPLEADOS(id,nombre) values(47,'BERMUDEZ'||DBMS_RANDOM.STRING('p','10'));
      insert into NOMINAS(idempleado,fecha,cantidad) values(47,SYSDATE,DBMS_RANDOM.VALUE(200,2000));
      insert into EMPRESAS(id,nombre) values(48,'BERMUDEZ'||DBMS_RANDOM.STRING('p','10'));
      insert into EMPLEADOS(id,nombre) values(48,'BERMUDEZ'||DBMS_RANDOM.STRING('p','10'));
      insert into NOMINAS(idempleado,fecha,cantidad) values(48,SYSDATE,DBMS_RANDOM.VALUE(200,2000));
      insert into EMPRESAS(id,nombre) values(49,'BERMUDEZ'||DBMS_RANDOM.STRING('p','10'));
      insert into EMPLEADOS(id,nombre) values(49,'BERMUDEZ'||DBMS_RANDOM.STRING('p','10'));
      insert into NOMINAS(idempleado,fecha,cantidad) values(49,SYSDATE,DBMS_RANDOM.VALUE(200,2000));
      insert into EMPRESAS(id,nombre) values(50,'BERMUDEZ'||DBMS_RANDOM.STRING('p','10'));
      insert into EMPLEADOS(id,nombre) values(50,'BERMUDEZ'||DBMS_RANDOM.STRING('p','10'));
      insert into NOMINAS(idempleado,fecha,cantidad) values(50,SYSDATE,DBMS_RANDOM.VALUE(200,2000));
      insert into EMPRESAS(id,nombre) values(51,'BERMUDEZ'||DBMS_RANDOM.STRING('p','10'));
      insert into EMPLEADOS(id,nombre) values(51,'BERMUDEZ'||DBMS_RANDOM.STRING('p','10'));
      insert into NOMINAS(idempleado,fecha,cantidad) values(51,SYSDATE,DBMS_RANDOM.VALUE(200,2000));
      insert into EMPRESAS(id,nombre) values(52,'BERMUDEZ'||DBMS_RANDOM.STRING('p','10'));
      insert into EMPLEADOS(id,nombre) values(52,'BERMUDEZ'||DBMS_RANDOM.STRING('p','10'));
      insert into NOMINAS(idempleado,fecha,cantidad) values(52,SYSDATE,DBMS_RANDOM.VALUE(200,2000));
      insert into EMPRESAS(id,nombre) values(53,'BERMUDEZ'||DBMS_RANDOM.STRING('p','10'));
      insert into EMPLEADOS(id,nombre) values(53,'BERMUDEZ'||DBMS_RANDOM.STRING('p','10'));
      insert into NOMINAS(idempleado,fecha,cantidad) values(53,SYSDATE,DBMS_RANDOM.VALUE(200,2000));
      insert into EMPRESAS(id,nombre) values(54,'BERMUDEZ'||DBMS_RANDOM.STRING('p','10'));
      insert into EMPLEADOS(id,nombre) values(54,'BERMUDEZ'||DBMS_RANDOM.STRING('p','10'));
      insert into NOMINAS(idempleado,fecha,cantidad) values(54,SYSDATE,DBMS_RANDOM.VALUE(200,2000));
      insert into EMPRESAS(id,nombre) values(55,'BERMUDEZ'||DBMS_RANDOM.STRING('p','10'));
      insert into EMPLEADOS(id,nombre) values(55,'BERMUDEZ'||DBMS_RANDOM.STRING('p','10'));
      insert into NOMINAS(idempleado,fecha,cantidad) values(55,SYSDATE,DBMS_RANDOM.VALUE(200,2000));
      insert into EMPRESAS(id,nombre) values(56,'BERMUDEZ'||DBMS_RANDOM.STRING('p','10'));
      insert into EMPLEADOS(id,nombre) values(56,'BERMUDEZ'||DBMS_RANDOM.STRING('p','10'));
      insert into NOMINAS(idempleado,fecha,cantidad) values(56,SYSDATE,DBMS_RANDOM.VALUE(200,2000));
      insert into EMPRESAS(id,nombre) values(57,'BERMUDEZ'||DBMS_RANDOM.STRING('p','10'));
      insert into EMPLEADOS(id,nombre) values(57,'BERMUDEZ'||DBMS_RANDOM.STRING('p','10'));
      insert into NOMINAS(idempleado,fecha,cantidad) values(57,SYSDATE,DBMS_RANDOM.VALUE(200,2000));
      insert into EMPRESAS(id,nombre) values(58,'BERMUDEZ'||DBMS_RANDOM.STRING('p','10'));
      insert into EMPLEADOS(id,nombre) values(58,'BERMUDEZ'||DBMS_RANDOM.STRING('p','10'));
      insert into NOMINAS(idempleado,fecha,cantidad) values(58,SYSDATE,DBMS_RANDOM.VALUE(200,2000));
      insert into EMPRESAS(id,nombre) values(59,'BERMUDEZ'||DBMS_RANDOM.STRING('p','10'));
      insert into EMPLEADOS(id,nombre) values(59,'BERMUDEZ'||DBMS_RANDOM.STRING('p','10'));
      insert into NOMINAS(idempleado,fecha,cantidad) values(59,SYSDATE,DBMS_RANDOM.VALUE(200,2000));
      insert into EMPRESAS(id,nombre) values(60,'BERMUDEZ'||DBMS_RANDOM.STRING('p','10'));
      insert into EMPLEADOS(id,nombre) values(60,'BERMUDEZ'||DBMS_RANDOM.STRING('p','10'));
      insert into NOMINAS(idempleado,fecha,cantidad) values(60,SYSDATE,DBMS_RANDOM.VALUE(200,2000));
      insert into EMPRESAS(id,nombre) values(61,'BERMUDEZ'||DBMS_RANDOM.STRING('p','10'));
      insert into EMPLEADOS(id,nombre) values(61,'BERMUDEZ'||DBMS_RANDOM.STRING('p','10'));
      insert into NOMINAS(idempleado,fecha,cantidad) values(61,SYSDATE,DBMS_RANDOM.VALUE(200,2000));
      insert into EMPRESAS(id,nombre) values(62,'BERMUDEZ'||DBMS_RANDOM.STRING('p','10'));
      insert into EMPLEADOS(id,nombre) values(62,'BERMUDEZ'||DBMS_RANDOM.STRING('p','10'));
      insert into NOMINAS(idempleado,fecha,cantidad) values(62,SYSDATE,DBMS_RANDOM.VALUE(200,2000));
      insert into EMPRESAS(id,nombre) values(63,'BERMUDEZ'||DBMS_RANDOM.STRING('p','10'));
      insert into EMPLEADOS(id,nombre) values(63,'BERMUDEZ'||DBMS_RANDOM.STRING('p','10'));
      insert into NOMINAS(idempleado,fecha,cantidad) values(63,SYSDATE,DBMS_RANDOM.VALUE(200,2000));
      insert into EMPRESAS(id,nombre) values(64,'BERMUDEZ'||DBMS_RANDOM.STRING('p','10'));
      insert into EMPLEADOS(id,nombre) values(64,'BERMUDEZ'||DBMS_RANDOM.STRING('p','10'));
      insert into NOMINAS(idempleado,fecha,cantidad) values(64,SYSDATE,DBMS_RANDOM.VALUE(200,2000));
      insert into EMPRESAS(id,nombre) values(65,'BERMUDEZ'||DBMS_RANDOM.STRING('p','10'));
      insert into EMPLEADOS(id,nombre) values(65,'BERMUDEZ'||DBMS_RANDOM.STRING('p','10'));
      insert into NOMINAS(idempleado,fecha,cantidad) values(65,SYSDATE,DBMS_RANDOM.VALUE(200,2000));
      insert into EMPRESAS(id,nombre) values(66,'BERMUDEZ'||DBMS_RANDOM.STRING('p','10'));
      insert into EMPLEADOS(id,nombre) values(66,'BERMUDEZ'||DBMS_RANDOM.STRING('p','10'));
      insert into NOMINAS(idempleado,fecha,cantidad) values(66,SYSDATE,DBMS_RANDOM.VALUE(200,2000));
      insert into EMPRESAS(id,nombre) values(67,'BERMUDEZ'||DBMS_RANDOM.STRING('p','10'));
      insert into EMPLEADOS(id,nombre) values(67,'BERMUDEZ'||DBMS_RANDOM.STRING('p','10'));
      insert into NOMINAS(idempleado,fecha,cantidad) values(67,SYSDATE,DBMS_RANDOM.VALUE(200,2000));
      insert into EMPRESAS(id,nombre) values(68,'BERMUDEZ'||DBMS_RANDOM.STRING('p','10'));
      insert into EMPLEADOS(id,nombre) values(68,'BERMUDEZ'||DBMS_RANDOM.STRING('p','10'));
      insert into NOMINAS(idempleado,fecha,cantidad) values(68,SYSDATE,DBMS_RANDOM.VALUE(200,2000));
      insert into EMPRESAS(id,nombre) values(69,'BERMUDEZ'||DBMS_RANDOM.STRING('p','10'));
      insert into EMPLEADOS(id,nombre) values(69,'BERMUDEZ'||DBMS_RANDOM.STRING('p','10'));
      insert into NOMINAS(idempleado,fecha,cantidad) values(69,SYSDATE,DBMS_RANDOM.VALUE(200,2000));
      insert into EMPRESAS(id,nombre) values(70,'BERMUDEZ'||DBMS_RANDOM.STRING('p','10'));
      insert into EMPLEADOS(id,nombre) values(70,'BERMUDEZ'||DBMS_RANDOM.STRING('p','10'));
      insert into NOMINAS(idempleado,fecha,cantidad) values(70,SYSDATE,DBMS_RANDOM.VALUE(200,2000));
      insert into EMPRESAS(id,nombre) values(71,'BERMUDEZ'||DBMS_RANDOM.STRING('p','10'));
      insert into EMPLEADOS(id,nombre) values(71,'BERMUDEZ'||DBMS_RANDOM.STRING('p','10'));
      insert into NOMINAS(idempleado,fecha,cantidad) values(71,SYSDATE,DBMS_RANDOM.VALUE(200,2000));
      insert into EMPRESAS(id,nombre) values(72,'BERMUDEZ'||DBMS_RANDOM.STRING('p','10'));
      insert into EMPLEADOS(id,nombre) values(72,'BERMUDEZ'||DBMS_RANDOM.STRING('p','10'));
      insert into NOMINAS(idempleado,fecha,cantidad) values(72,SYSDATE,DBMS_RANDOM.VALUE(200,2000));
      insert into EMPRESAS(id,nombre) values(73,'BERMUDEZ'||DBMS_RANDOM.STRING('p','10'));
      insert into EMPLEADOS(id,nombre) values(73,'BERMUDEZ'||DBMS_RANDOM.STRING('p','10'));
      insert into NOMINAS(idempleado,fecha,cantidad) values(73,SYSDATE,DBMS_RANDOM.VALUE(200,2000));
      insert into EMPRESAS(id,nombre) values(74,'BERMUDEZ'||DBMS_RANDOM.STRING('p','10'));
      insert into EMPLEADOS(id,nombre) values(74,'BERMUDEZ'||DBMS_RANDOM.STRING('p','10'));
      insert into NOMINAS(idempleado,fecha,cantidad) values(74,SYSDATE,DBMS_RANDOM.VALUE(200,2000));
      insert into EMPRESAS(id,nombre) values(75,'BERMUDEZ'||DBMS_RANDOM.STRING('p','10'));
      insert into EMPLEADOS(id,nombre) values(75,'BERMUDEZ'||DBMS_RANDOM.STRING('p','10'));
      insert into NOMINAS(idempleado,fecha,cantidad) values(75,SYSDATE,DBMS_RANDOM.VALUE(200,2000));
      insert into EMPRESAS(id,nombre) values(76,'BERMUDEZ'||DBMS_RANDOM.STRING('p','10'));
      insert into EMPLEADOS(id,nombre) values(76,'BERMUDEZ'||DBMS_RANDOM.STRING('p','10'));
      insert into NOMINAS(idempleado,fecha,cantidad) values(76,SYSDATE,DBMS_RANDOM.VALUE(200,2000));
      insert into EMPRESAS(id,nombre) values(77,'BERMUDEZ'||DBMS_RANDOM.STRING('p','10'));
      insert into EMPLEADOS(id,nombre) values(77,'BERMUDEZ'||DBMS_RANDOM.STRING('p','10'));
      insert into NOMINAS(idempleado,fecha,cantidad) values(77,SYSDATE,DBMS_RANDOM.VALUE(200,2000));
      insert into EMPRESAS(id,nombre) values(78,'BERMUDEZ'||DBMS_RANDOM.STRING('p','10'));
      insert into EMPLEADOS(id,nombre) values(78,'BERMUDEZ'||DBMS_RANDOM.STRING('p','10'));
      insert into NOMINAS(idempleado,fecha,cantidad) values(78,SYSDATE,DBMS_RANDOM.VALUE(200,2000));
      insert into EMPRESAS(id,nombre) values(79,'BERMUDEZ'||DBMS_RANDOM.STRING('p','10'));
      insert into EMPLEADOS(id,nombre) values(79,'BERMUDEZ'||DBMS_RANDOM.STRING('p','10'));
      insert into NOMINAS(idempleado,fecha,cantidad) values(79,SYSDATE,DBMS_RANDOM.VALUE(200,2000));
      insert into EMPRESAS(id,nombre) values(80,'BERMUDEZ'||DBMS_RANDOM.STRING('p','10'));
      insert into EMPLEADOS(id,nombre) values(80,'BERMUDEZ'||DBMS_RANDOM.STRING('p','10'));
      insert into NOMINAS(idempleado,fecha,cantidad) values(80,SYSDATE,DBMS_RANDOM.VALUE(200,2000));
      insert into EMPRESAS(id,nombre) values(81,'BERMUDEZ'||DBMS_RANDOM.STRING('p','10'));
      insert into EMPLEADOS(id,nombre) values(81,'BERMUDEZ'||DBMS_RANDOM.STRING('p','10'));
      insert into NOMINAS(idempleado,fecha,cantidad) values(81,SYSDATE,DBMS_RANDOM.VALUE(200,2000));
      insert into EMPRESAS(id,nombre) values(82,'BERMUDEZ'||DBMS_RANDOM.STRING('p','10'));
      insert into EMPLEADOS(id,nombre) values(82,'BERMUDEZ'||DBMS_RANDOM.STRING('p','10'));
      insert into NOMINAS(idempleado,fecha,cantidad) values(82,SYSDATE,DBMS_RANDOM.VALUE(200,2000));
      insert into EMPRESAS(id,nombre) values(83,'BERMUDEZ'||DBMS_RANDOM.STRING('p','10'));
      insert into EMPLEADOS(id,nombre) values(83,'BERMUDEZ'||DBMS_RANDOM.STRING('p','10'));
      insert into NOMINAS(idempleado,fecha,cantidad) values(83,SYSDATE,DBMS_RANDOM.VALUE(200,2000));
      insert into EMPRESAS(id,nombre) values(84,'BERMUDEZ'||DBMS_RANDOM.STRING('p','10'));
      insert into EMPLEADOS(id,nombre) values(84,'BERMUDEZ'||DBMS_RANDOM.STRING('p','10'));
      insert into NOMINAS(idempleado,fecha,cantidad) values(84,SYSDATE,DBMS_RANDOM.VALUE(200,2000));
      insert into EMPRESAS(id,nombre) values(85,'BERMUDEZ'||DBMS_RANDOM.STRING('p','10'));
      insert into EMPLEADOS(id,nombre) values(85,'BERMUDEZ'||DBMS_RANDOM.STRING('p','10'));
      insert into NOMINAS(idempleado,fecha,cantidad) values(85,SYSDATE,DBMS_RANDOM.VALUE(200,2000));
      insert into EMPRESAS(id,nombre) values(86,'BERMUDEZ'||DBMS_RANDOM.STRING('p','10'));
      insert into EMPLEADOS(id,nombre) values(86,'BERMUDEZ'||DBMS_RANDOM.STRING('p','10'));
      insert into NOMINAS(idempleado,fecha,cantidad) values(86,SYSDATE,DBMS_RANDOM.VALUE(200,2000));
      insert into EMPRESAS(id,nombre) values(87,'BERMUDEZ'||DBMS_RANDOM.STRING('p','10'));
      insert into EMPLEADOS(id,nombre) values(87,'BERMUDEZ'||DBMS_RANDOM.STRING('p','10'));
      insert into NOMINAS(idempleado,fecha,cantidad) values(87,SYSDATE,DBMS_RANDOM.VALUE(200,2000));
      insert into EMPRESAS(id,nombre) values(88,'BERMUDEZ'||DBMS_RANDOM.STRING('p','10'));
      insert into EMPLEADOS(id,nombre) values(88,'BERMUDEZ'||DBMS_RANDOM.STRING('p','10'));
      insert into NOMINAS(idempleado,fecha,cantidad) values(88,SYSDATE,DBMS_RANDOM.VALUE(200,2000));
      insert into EMPRESAS(id,nombre) values(89,'BERMUDEZ'||DBMS_RANDOM.STRING('p','10'));
      insert into EMPLEADOS(id,nombre) values(89,'BERMUDEZ'||DBMS_RANDOM.STRING('p','10'));
      insert into NOMINAS(idempleado,fecha,cantidad) values(89,SYSDATE,DBMS_RANDOM.VALUE(200,2000));
      insert into EMPRESAS(id,nombre) values(90,'BERMUDEZ'||DBMS_RANDOM.STRING('p','10'));
      insert into EMPLEADOS(id,nombre) values(90,'BERMUDEZ'||DBMS_RANDOM.STRING('p','10'));
      insert into NOMINAS(idempleado,fecha,cantidad) values(90,SYSDATE,DBMS_RANDOM.VALUE(200,2000));
      insert into EMPRESAS(id,nombre) values(91,'BERMUDEZ'||DBMS_RANDOM.STRING('p','10'));
      insert into EMPLEADOS(id,nombre) values(91,'BERMUDEZ'||DBMS_RANDOM.STRING('p','10'));
      insert into NOMINAS(idempleado,fecha,cantidad) values(91,SYSDATE,DBMS_RANDOM.VALUE(200,2000));
      insert into EMPRESAS(id,nombre) values(92,'BERMUDEZ'||DBMS_RANDOM.STRING('p','10'));
      insert into EMPLEADOS(id,nombre) values(92,'BERMUDEZ'||DBMS_RANDOM.STRING('p','10'));
      insert into NOMINAS(idempleado,fecha,cantidad) values(92,SYSDATE,DBMS_RANDOM.VALUE(200,2000));
      insert into EMPRESAS(id,nombre) values(93,'BERMUDEZ'||DBMS_RANDOM.STRING('p','10'));
      insert into EMPLEADOS(id,nombre) values(93,'BERMUDEZ'||DBMS_RANDOM.STRING('p','10'));
      insert into NOMINAS(idempleado,fecha,cantidad) values(93,SYSDATE,DBMS_RANDOM.VALUE(200,2000));
      insert into EMPRESAS(id,nombre) values(94,'BERMUDEZ'||DBMS_RANDOM.STRING('p','10'));
      insert into EMPLEADOS(id,nombre) values(94,'BERMUDEZ'||DBMS_RANDOM.STRING('p','10'));
      insert into NOMINAS(idempleado,fecha,cantidad) values(94,SYSDATE,DBMS_RANDOM.VALUE(200,2000));
      insert into EMPRESAS(id,nombre) values(95,'BERMUDEZ'||DBMS_RANDOM.STRING('p','10'));
      insert into EMPLEADOS(id,nombre) values(95,'BERMUDEZ'||DBMS_RANDOM.STRING('p','10'));
      insert into NOMINAS(idempleado,fecha,cantidad) values(95,SYSDATE,DBMS_RANDOM.VALUE(200,2000));
      insert into EMPRESAS(id,nombre) values(96,'BERMUDEZ'||DBMS_RANDOM.STRING('p','10'));
      insert into EMPLEADOS(id,nombre) values(96,'BERMUDEZ'||DBMS_RANDOM.STRING('p','10'));
      insert into NOMINAS(idempleado,fecha,cantidad) values(96,SYSDATE,DBMS_RANDOM.VALUE(200,2000));
      insert into EMPRESAS(id,nombre) values(97,'BERMUDEZ'||DBMS_RANDOM.STRING('p','10'));
      insert into EMPLEADOS(id,nombre) values(97,'BERMUDEZ'||DBMS_RANDOM.STRING('p','10'));
      insert into NOMINAS(idempleado,fecha,cantidad) values(97,SYSDATE,DBMS_RANDOM.VALUE(200,2000));
      insert into EMPRESAS(id,nombre) values(98,'BERMUDEZ'||DBMS_RANDOM.STRING('p','10'));
      insert into EMPLEADOS(id,nombre) values(98,'BERMUDEZ'||DBMS_RANDOM.STRING('p','10'));
      insert into NOMINAS(idempleado,fecha,cantidad) values(98,SYSDATE,DBMS_RANDOM.VALUE(200,2000));
      insert into EMPRESAS(id,nombre) values(99,'BERMUDEZ'||DBMS_RANDOM.STRING('p','10'));
      insert into EMPLEADOS(id,nombre) values(99,'BERMUDEZ'||DBMS_RANDOM.STRING('p','10'));
      insert into NOMINAS(idempleado,fecha,cantidad) values(99,SYSDATE,DBMS_RANDOM.VALUE(200,2000));
      insert into EMPRESAS(id,nombre) values(100,'BERMUDEZ'||DBMS_RANDOM.STRING('p','10'));
      insert into EMPLEADOS(id,nombre) values(100,'BERMUDEZ'||DBMS_RANDOM.STRING('p','10'));
      insert into NOMINAS(idempleado,fecha,cantidad) values(100,SYSDATE,DBMS_RANDOM.VALUE(200,2000));
  commit;
