[
    {
        "name":"Director Reconfigure",
        "description":"Sets Director settings and also modifies the LogOn.aspx page to pre-populate the domain field and print the windows servername in the footer. Add as many of the web.config application settings as you want like page timeouts and domain search settings.",
        "link":["https://raw.githubusercontent.com/citrix/Powershell-Scripts/master/Director/DirectorReconfigureWithLogonMod.ps1"],
        "projectlink":"https://github.com/citrix/Powershell-Scripts",
        "author":"Johan Greefkes",
        "filename":"DirectorReconfigureWithLogonMod.ps1"
    },
    {
        "name":"Create Storefront Store (3.0)",
        "description":"Powershell script that creates a storefront store based on parameters.",
        "link":["https://raw.githubusercontent.com/citrix/Powershell-Scripts/master/Storefront/Create-Storefront3-Store.ps1"],
        "projectlink":"https://github.com/citrix/Powershell-Scripts",
        "author":"LASSE THESBJERG HOMANN",
        "filename":"Create-Storefront3-Store.ps1"
    }
    
    
]
